Krajina,Kód,Hlavné mesto,Obyvateľské meno,Prídavné meno,Mena,Continent,Colour,CapitalLatitude,CapitalLongitude
Afganistan,AF,Kábul,"Afganec, Afganka",afganský,afgán,Asia,6,34.516666666666666,69.18333299999999
Alandy,AX,Mariehamn,"Alanďan, Alanďanka",alandský,euro,Europe,2,60.11666700000001,19.9
Albánsko,AL,Tirana,"Albánec, Albánka",albánsky,lek,Europe,2,41.31666666666667,19.816667000000002
Alžírsko,DZ,Alžír,"Alžírčan, Alžírčanka; Alžírec, Alžírka",alžírsky,alžírsky dinár,Africa,5,36.75,3.05
Americká Samoa,AS,Pago Pago,obyvateľ Americkej Samoy,americkosamojský,americký dolár,Oceania,1,-14.266666666666667,-170.7
Americké Panenské ostrovy,VI,Charlotte Amalie,"obyvateľ, obyvateľka Amerických Panenských ostrovov",z Amerických Panenských ostrovov,americký dolár,North America,3,18.35,-64.93333299999999
Andorra,AD,Andorra,"Andorrčan, Andorrčanka",andorrský,euro,Europe,2,42.5,1.516667
Angola,AO,Luanda,"Angolčan, Angolčanka",angolský,kwanza,Africa,5,-8.833333333333334,13.216667000000001
Anguilla,AI,Valley,"Anguillčan, Anguillčanka",anguillský,východokaribský dolár,North America,3,18.216666666666665,-63.05
Antarktída,AQ,—,—,antarktický,—,Antarctica,7,-75.250973,-0.071389
Antigua a Barbuda,AG,Saint John’s,"Antiguan a Barbuďan, Antiguanka a Barbuďanka",antiguanský a barbudský,východokaribský dolár,North America,3,17.116666666666667,-61.85
Argentína,AR,Buenos Aires,"Argentínčan, Argentínčanka; Argentínec, Argentínka",argentínsky,argentínske peso,South America,4,-34.583333333333336,-58.666667000000004
Arménsko,AM,Jerevan,"Armén, Arménka",arménsky,dram,Europe,2,40.16666666666666,44.5
Aruba,AW,Oranjestad,"Arubčan, Arubčanka",arubský,arubský gulden,North America,3,12.516666666666667,-70.033333
Austrália,AU,Canberra,"Austrálčan, Austrálčanka",austrálsky,austrálsky dolár,Oceania,1,-35.266666666666666,149.133333
Azerbajdžan,AZ,Baku,"Azerbajdžanec, Azerbajdžanka",azerbajdžanský,azerbajdžanský manat,Europe,2,40.38333333333333,49.866667
Bahamy,BS,Nassau,"Bahamčan, Bahamčanka",bahamský,bahamský dolár,North America,3,25.08333333333333,-77.35
Bahrajn,BH,Manáma,"Bahrajňan, Bahrajňanka",bahrajnský,bahrajnský dinár,Asia,6,26.23333333333333,50.566666999999995
Bangladéš,BD,Dháka,"Bangladéšan, Bangladéšanka",bangladéšsky,taka,Asia,6,23.716666666666665,90.4
Barbados,BB,Bridgetown,"Barbadosan, Barbadosanka",barbadoský,barbadoský dolár,North America,3,13.1,-59.61666700000001
Belgicko,BE,Brusel,"Belgičan, Belgičanka",belgický,euro,Europe,2,50.83333333333334,4.3333330000000005
Belize,BZ,Belmopan,"Belizan, Belizanka",belizský,belizský dolár,North America,3,17.25,-88.766667
Benin,BJ,Porto-Novo,"Beninčan, Beninčanka",beninský,frank CFA,Africa,5,6.4833333333333325,2.6166669999999996
Bermudy,BM,Hamilton,"Bermudčan, Bermudčanka; Bermuďan, Bermuďanka",bermudský,bermudský dolár,North America,3,32.28333333333333,-64.783333
Bhután,BT,Thimphu,"Bhutánčan, Bhutánčanka",bhutánsky,ngultrum/indická rupia,Asia,6,27.466666666666665,89.633333
Bielorusko,BY,Minsk,"Bielorus, Bieloruska",bieloruský,bieloruský rubeľ,Europe,2,53.9,27.566667
Bolívia,BO,Sucre,"Bolívijčan, Bolívijčanka",bolívijský,boliviano,South America,4,-16.5,-68.15
Bosna a Hercegovina,BA,Sarajevo,"Bosniak a Hercegovinec, Bosniačka a Hercegovinka",bosniansky a hercegovinský,konvertibilná marka,Europe,2,43.86666666666667,18.416667
Botswana,BW,Gaborone,"Botswančan, Botswančanka",botswanský,pula,Africa,5,-24.63333333333333,25.9
Bouvetov ostrov,BV,—,—,bouvetský,—,Antarctica,7,-17.533333333333335,-149.566667
Brazília,BR,Brazília,"Brazílčan, Brazílčanka",brazílsky,real,South America,4,-15.783333333333333,-47.916667
Britské indickooceánske územie,IO,—,—,z Britských indickooceánskych území,americký dolár,Asia,6,-7.3,72.4
Britské Panenské ostrovy,VG,Road Town,"obyvateľ, obyvateľka Britských Panenských ostrovov",z Britských Panenských ostrovov,americký dolár,North America,3,18.416666666666668,-64.616667
Brunej,BN,Bandar Seri Begawan,"Brunejčan, Brunejčanka",brunejský,brunejský dolár,Asia,6,4.883333333333333,114.933333
Bulharsko,BG,Sofia,"Bulhar, Bulharka",bulharský,lev,Europe,2,42.68333333333333,23.316667000000002
Burkina,BF,Ouagadougou,"Burkinčan, Burkinčanka",burkinský,frank CFA,Africa,5,12.366666666666667,-1.516667
Burundi,BI,Bujumbura,"Burunďan, Burunďanka",burundský,burundský frank,Africa,5,-3.3666666666666667,29.35
Chorvátsko,HR,Záhreb,"Chorvát, Chorvátka",chorvátsky,kuna,Europe,2,45.8,16.0
Clipperton,CP,—,—,clippertonský,—,Asia,6,39.016666666666666,125.75
Cookove ostrovy,CK,Avarua,"obyvateľ, obyvateľka Cookových ostrovov",z Cookových ostrovov,novozélandský dolár,Oceania,1,-21.2,-159.76666699999998
Curaçao,CW,Willemstad,"obyvateľ, obyvateľka Curaçaa",curaçaoský,antilský gulden,North America,3,12.1,-68.916667
Cyprus,CY,Nikózia,"Cyperčan, Cyperčanka",cyperský,euro,Europe,2,35.166666666666664,33.366667
Čad,TD,N’Djamena,"Čadčan, Čadčanka",čadský,frank CFA,Africa,5,12.1,15.033332999999999
Česko,CZ,Praha,"Čech, Češka",český,česká koruna,Europe,2,50.08333333333334,14.466667000000001
Čierna Hora,ME,Podgorica,"Čiernohorec, Čiernohorka",čiernohorský,euro,Europe,2,42.43333333333333,19.266667
Čile,CL,Santiago,"Čiľan, Čiľanka",čilský,čilské peso,South America,4,-33.45,-70.666667
Čína,CN,Peking,"Číňan, Číňanka",čínsky,jüan,Asia,6,39.91666666666666,116.38333300000001
Dánsko,DK,Kodaň,"Dán, Dánka",dánsky,dánska koruna,Europe,2,55.66666666666666,12.583333
Dominika,DM,Roseau,"Dominičan, Dominičanka",dominický,východokaribský dolár,North America,3,15.3,-61.4
Dominikánska republika,DO,Santo Domingo,"Dominikánec, Dominikánka",dominikánsky,dominikánske peso,North America,3,18.466666666666665,-69.9
Džibutsko,DJ,Džibuti,"Džibuťan, Džibuťanka",džibutský,džibutský frank,Africa,5,11.583333333333336,43.15
Egypt,EG,Káhira,"Egypťan, Egypťanka",egyptský,egyptská libra,Africa,5,30.05,31.25
Ekvádor,EC,Quito,"Ekvádorčan, Ekvádorčanka",ekvádorský,americký dolár,South America,4,-0.21666666666666667,-78.5
Eritrea,ER,Asmara,"Eritrejčan, Eritrejčanka",eritrejský,nakfa,Africa,5,15.333333333333336,38.933333000000005
Estónsko,EE,Tallinn,"Estónec, Estónka",estónsky,euro,Europe,2,59.43333333333333,24.716667
Eswatini,SZ,Mbabane,"Eswatinčan, Eswatinčanka",eswatinský,lilangeni,Africa,5,-26.316666666666666,31.133333
Etiópia,ET,Addis Abeba,"Etiópčan, Etiópčanka",etiópsky,birr,Africa,5,9.033333333333333,38.7
Faerské ostrovy,FO,Thorshavn,"Faerčan, Faerčanka",faerský,dánska koruna,Europe,2,62.0,-6.766667
Falklandy,FK,Stanley,"Falklanďan, Falklanďanka",falklandský,falklandská libra,South America,4,-51.7,-57.85
Fidži,FJ,Suva,"Fidžijčan, Fidžijčanka",fidžijský,fidžijský dolár,Oceania,1,-18.133333333333333,178.416667
Filipíny,PH,Manila,"Filipínec, Filipínka",filipínsky,filipínske peso,Asia,6,14.6,120.96666699999999
Fínsko,FI,Helsinki,"Fín, Fínka",fínsky,euro,Europe,2,60.16666666666666,24.933332999999998
Francúzska Polynézia,PF,Papeete,"Polynézan, Polynézanka",polynézsky,frank CFP,Oceania,1,-17.533333333333335,-149.566667
Francúzsko,FR,Paríž,"Francúz, Francúzka",francúzsky,euro,Europe,2,48.86666666666667,2.333333
Gabon,GA,Libreville,"Gabončan, Gabončanka",gabonský,frank CFA,Africa,5,0.38333333333333336,9.45
Gambia,GM,Banjul,"Gambijčan, Gambijčanka",gambijský,dalasi,Africa,5,13.45,-16.566667000000002
Ghana,GH,Akkra,"Ghančan, Ghančanka",ghanský,ghanský cedi,Africa,5,5.55,-0.216667
Gibraltár,GI,Gibraltár,"Gibraltárčan, Gibraltárčanka",gibraltársky,gibraltárska libra,Europe,2,36.13333333333333,-5.35
Grécko,EL,Atény,"Grék, Grékyňa",grécky,euro,Europe,2,41.31666666666667,19.816667000000002
Grenada,GD,Saint George’s,"Grenadčan, Grenadčanka",grenadský,východokaribský dolár,North America,3,12.05,-61.75
Grónsko,GL,Nuuk,"Grónčan, Grónčanka",grónsky,dánska koruna,North America,3,64.18333333333334,-51.75
Gruzínsko,GE,Tbilisi,"Gruzínec, Gruzínka",gruzínsky,lari,Europe,2,41.68333333333333,44.833333
Guadeloupe,GP,Basse Terre,"Guadeloupčan, Guadeloupčanka",guadeloupský,euro,North America,3,39.016666666666666,125.75
Guam,GU,Agaña,"Guamčan, Guamčanka",guamský,americký dolár,Oceania,1,13.466666666666667,144.73333300000002
Guatemala,GT,Guatemala,"Guatemalčan, Guatemalčanka",guatemalský,quetzal,North America,3,14.616666666666667,-90.516667
Guernsey,GG,Saint Peter Port,obyvateľ Guernseya,guernseyský,guernseyská libra,Europe,2,49.45,-2.5333330000000003
Guernsey,GG,Saint Peter Port,obyvateľ Guernseya,guernseyský,libra šterlingov,Europe,2,49.45,-2.5333330000000003
Guinea,GN,Konakry,"Guinejčan, Guinejčanka",guinejský,guinejský frank,Africa,5,9.5,-13.7
Guinea-Bissau,GW,Bissau,"Guinejčan-Bissaučan, Guinejčanka-Bissaučanka",guinejsko-bissauský,frank CFA,Africa,5,11.85,-15.583332999999998
Guyana,GY,Georgetown,"Guyančan, Guyančanka",guyanský,guyanský dolár,South America,4,6.8,-58.15
Haiti,HT,Port-au-Prince,"Haiťan, Haiťanka",haitský,gourde,North America,3,18.53333333333333,-72.333333
Haiti,HT,Port-au-Prince,"Haiťan, Haiťanka",haitský,americký dolár,North America,3,18.53333333333333,-72.333333
Holandsko,NL,Amsterdam,"Holanďan, Holanďanka",holandský,euro,Europe,2,52.35,4.9166669999999995
Honduras,HN,Tegucigalpa,"Hondurasan, Hondurasanka",honduraský,lempira,North America,3,14.1,-87.216667
India,IN,Dillí,"Ind, Indka",indický,indická rupia,Asia,6,28.6,77.2
Indonézia,ID,Jakarta,"Indonézan, Indonézanka",indonézsky,indonézska rupia,Asia,6,-6.166666666666668,106.816667
Irak,IQ,Bagdad,"Iračan, Iračanka",iracký,iracký dinár,Asia,6,33.333333333333336,44.4
Irán,IR,Teherán,"Iránec, Iránka",iránsky,iránsky rial,Asia,6,35.7,51.416667
Írsko,IE,Dublin,"Ír, Írka",írsky,euro,Europe,2,53.31666666666667,-6.233333
Island,IS,Reykjavík,"Islanďan, Islanďanka",islandský,islandská koruna,Europe,2,64.15,-21.95
Izrael,IL,Jeruzalem,"Izraelčan, Izraelčanka",izraelský,šekel,Asia,6,31.766666666666666,35.233333
Jamajka,JM,Kingston,"Jamajčan, Jamajčanka",jamajský,jamajský dolár,North America,3,18.0,-76.8
Japonsko,JP,Tokio,"Japonec, Japonka",japonský,jen,Asia,6,35.68333333333333,139.75
Jemen,YE,Saná,"Jemenčan, Jemenčanka",jemenský,jemenský rial,Asia,6,15.35,44.2
Jersey,JE,Saint Helier,obyvateľ Jerseya,jerseyský,jerseyská libra/libra šterlingov,Europe,2,49.18333333333333,-2.1
Jordánsko,JO,Ammán,"Jordánec, Jordánka; Jordánčan, Jordánčanka",jordánsky,jordánsky dinár,Asia,6,31.95,35.933333000000005
Južná Afrika,ZA,Pretória,"Juhoafričan, Juhoafričanka",juhoafrický,rand,Africa,5,-25.7,28.216666999999998
Južná Georgia a Južné Sandwichove ostrovy,GS,King Edward Point,—,z Južnej Georgie a Južných Sandwichových ostrovov,—,Antarctica,7,-54.283333,-36.5
Južná Kórea,KR,Soul,"Juhokórejčan, Juhokórejčanka",juhokórejský,juhokórejský won,Asia,6,37.55,126.983333
Južný Sudán,SS,Juba,"Juhosudánec, Juhosudánka",juhosudánsky,juhosudánska libra,Africa,5,4.85,31.616667
Kajmanie ostrovy,KY,George Town,"Kajmančan, Kajmančanka",kajmanský,kajmanský dolár,North America,3,19.3,-81.383333
Kambodža,KH,Phnom Pénh,"Kambodžan, Kambodžanka",kambodžský,riel,Asia,6,11.55,104.91666699999999
Kanada,CA,Ottawa,"Kanaďan, Kanaďanka",kanadský,kanadský dolár,North America,3,45.41666666666666,-75.7
Kapverdy,CV,Praia,"Kapverďan, Kapverďanka",kapverdský,kapverdské escudo,Africa,5,14.916666666666664,-23.516667
Katar,QA,Dauha,"Katarčan, Katarčanka",katarský,katarský rial,Asia,6,25.28333333333333,51.533333
Kazachstan,KZ,Nur-Sultan,"Kazach, Kazaška",kazašský,tenge,Asia,6,51.16666666666666,71.416667
Keňa,KE,Nairobi,"Keňan, Keňanka",kenský,kenský šiling,Africa,5,-1.2833333333333332,36.816666999999995
Kirgizsko,KG,Biškek,"Kirgiz, Kirgizka",kirgizský,som,Asia,6,42.86666666666667,74.6
Kiribati,KI,Tarawa,"Kiribatčan, Kiribatčanka",kiribatský,austrálsky dolár,Oceania,1,-0.8833333333333333,169.533333
Kokosové ostrovy,CC,West Island,"obyvateľ, obyvateľka Kokosových ostrovov",z Kokosových ostrovov,austrálsky dolár,Asia,6,-12.166666666666664,96.833333
Kolumbia,CO,Bogota,"Kolumbijčan, Kolumbijčanka; Kolumbijec, Kolumbijka",kolumbijský,kolumbijské peso,South America,4,4.6,-74.083333
Komory,KM,Moroni,"Komorčan, Komorčanka",komorský,komorský frank,Africa,5,-11.7,43.233333
Kongo,CG,Brazzaville,"Konžan, Konžanka",konžský,frank CFA,Africa,5,-4.25,15.283332999999999
Konžská demokratická republika,CD,Kinshasa,"obyvateľ, obyvateľka Konžskej demokratickej republiky",z Konžskej demokratickej republiky,konžský frank,Africa,5,-4.316666666666666,15.3
Kostarika,CR,San José,"Kostaričan, Kostaričanka",kostarický,kostarický kolón,North America,3,9.933333333333334,-84.083333
Kuba,CU,Havana,"Kubánec, Kubánka",kubánsky,kubánske peso/konvertibilné peso,North America,3,23.11666666666667,-82.35
Kuvajt,KW,Kuvajt,"Kuvajťan, Kuvajťanka",kuvajtský,kuvajtský dinár,Asia,6,29.36666666666667,47.966667
Laos,LA,Vientian,"Laosan, Laosanka",laoský,kip,Asia,6,17.966666666666665,102.6
Lesotho,LS,Maseru,"Lesothčan, Lesothčanka",lesothský,loti/rand,Africa,5,-29.316666666666666,27.483333000000002
Libanon,LB,Bejrút,"Libanončan, Libanončanka",libanonský,libanonská libra,Asia,6,33.86666666666667,35.5
Libéria,LR,Monrovia,"Libérijčan, Libérijčanka",libérijský,libérijský dolár,Africa,5,6.3,-10.8
Líbya,LY,Tripolis,"Líbyjčan, Líbyjčanka",líbyjský,líbyjský dinár,Africa,5,32.88333333333333,13.166667000000002
Lichtenštajnsko,LI,Vaduz,"Lichtenštajnčan, Lichtenštajnčanka",lichtenštajnský,švajčiarsky frank,Europe,2,47.13333333333333,9.516667
Litva,LT,Vilnius,"Litovčan, Litovčanka",litovský,euro,Europe,2,54.68333333333333,25.316667000000002
Lotyšsko,LV,Riga,"Lotyš, Lotyška",lotyšský,euro,Europe,2,56.95,24.1
Luxembursko,LU,Luxemburg,"Luxemburčan, Luxemburčanka",luxemburský,euro,Europe,2,49.6,6.116667
Madagaskar,MG,Antananarivo,"Madagaskarčan, Madagaskarčanka",madagaskarský,ariary,Africa,5,-18.916666666666668,47.516667
Maďarsko,HU,Budapešť,"Maďar, Maďarka",maďarský,forint,Europe,2,47.5,19.083333
Malajzia,MY,Kuala Lumpur,"Malajzijčan, Malajzijčanka",malajzijský,ringgit,Asia,6,3.1666666666666665,101.7
Malawi,MW,Lilongwe,"Malawijčan, Malawijčanka",malawijský,malawijská kwacha,Africa,5,-13.966666666666667,33.783333
Maldivy,MV,Male,"Maldivčan, Maldivčanka",maldivský,maldivská rupia,Asia,6,4.166666666666667,73.5
Mali,ML,Bamako,"Malijčan, Malijčanka",malijský,frank CFA,Africa,5,12.65,-8.0
Malta,MT,Valletta,"Malťan, Malťanka",maltský,euro,Europe,2,35.88333333333333,14.5
Maroko,MA,Rabat,"Maročan, Maročanka",marocký,marocký dirham,Africa,5,34.016666666666666,-6.816667
Marshallove ostrovy,MH,Majuro,"obyvateľ, obyvateľka Marshallových ostrovov",z Marshallových ostrovov,americký dolár,Oceania,1,7.1,171.383333
Martinik,MQ,Fort-de-France,"Martiničan, Martiničanka",martinický,euro,North America,3,42.0,21.433332999999998
Maurícius,MU,Port Louis,"Maurícijčan, Maurícijčanka",maurícijský,maurícijská rupia,Africa,5,-20.15,57.483332999999995
Mauritánia,MR,Nouakchott,"Mauritánec, Mauritánka",mauritánsky,ukija,Africa,5,18.066666666666666,-15.966667000000001
Menšie odľahlé ostrovy Spojených štátov,UM,—,—,z Menších odľahlých ostrovov Spojených štátov,americký dolár,Oceania,1,38.883333,-77.0
Mexiko,MX,Mexiko,"Mexičan, Mexičanka",mexický,mexické peso,North America,3,19.433333333333334,-99.133333
Mikronézia,FM,Palikir,"Mikronézan, Mikronézanka",mikronézsky,americký dolár,Oceania,1,6.916666666666668,158.15
Mjanmarsko/Barma,MM,Nepjito,obyvateľ Mjanmarska/Barmy,mjanmarský/barmský,kyat,Asia,6,16.8,96.15
Moldavsko,MD,Kišiňov,"Moldavec, Moldavka; Moldavčan, Moldavčanka",moldavský,moldavský leu,Europe,2,47.0,28.85
Monako,MC,Monako,"Monačan, Monačanka",monacký,euro,Europe,2,43.73333333333333,7.4166669999999995
Mongolsko,MN,Ulanbátar,"Mongol, Mongolka",mongolský,tugrik,Asia,6,47.91666666666666,106.91666699999999
Montserrat,MS,Plymouth,"Montserratčan, Montserratčanka",montserratský,východokaribský dolár,North America,3,16.7,-62.216667
Mozambik,MZ,Maputo,"Mozambičan, Mozambičanka",mozambický,metical,Africa,5,-25.95,32.583333
Namíbia,NA,Windhoek,Namíbijčan/Namíbijčanka,namíbijský,namíbijský dolár/rand,Africa,5,-22.566666666666666,17.083333
Nauru,NR,Yaren,"Nauručan, Nauručanka",nauruský,austrálsky dolár,Oceania,1,-0.5477,166.920867
Nemecko,DE,Berlín,"Nemec, Nemka",nemecký,euro,Europe,2,52.51666666666666,13.4
Nepál,NP,Káthmandu,"Nepálčan, Nepálčanka; Nepálec, Nepálka",nepálsky,nepálska rupia,Asia,6,27.716666666666665,85.31666700000001
Niger,NE,Niamey,"Nigerčan, Nigerčanka",nigerský,frank CFA,Africa,5,13.516666666666667,2.1166669999999996
Nigéria,NG,Abuja,"Nigérijčan, Nigérijčanka",nigérijský,naira,Africa,5,9.083333333333334,7.533333
Nikaragua,NI,Managua,"Nikaragujčan, Nikaragujčanka",nikaragujský,córdoba oro,North America,3,12.133333333333333,-86.25
Niue,NU,Alofi,"Niuečan, Niuečanka",niueský,novozélandský dolár,Oceania,1,-19.016666666666666,-169.916667
Nórsko,NO,Oslo,"Nór, Nórka",nórsky,nórska koruna,Europe,2,59.91666666666666,10.75
Nová Kaledónia,NC,Nouméa,"Novokaledónčan, Novokaledónčanka",novokaledónsky,frank CFP,Oceania,1,-22.266666666666666,166.45
Nový Zéland,NZ,Wellington,"Novozélanďan, Novozélanďanka",novozélandský,novozélandský dolár,Oceania,1,-41.3,174.783333
Omán,OM,Maskat,"Ománčan, Ománčanka",ománsky,ománsky rial,Asia,6,23.61666666666667,58.583332999999996
Ostrov Man,IM,Douglas,"Mančan, Mančanka",manský,manská libra/libra šterlingov,Europe,2,54.15,-4.483333
Ostrov Norfolk,NF,Kingston,"Norfolčan, Norfolčanka",norfolský,austrálsky dolár,Oceania,1,-29.05,167.966667
Ostrovy Severné Mariány,MP,Saipan,"Severomariánčan, Severomariánčanka",severomariánsky,americký dolár,Oceania,1,15.2,145.75
Pakistan,PK,Islamabad,"Pakistanec, Pakistanka",pakistanský,pakistanská rupia,Asia,6,33.68333333333333,73.05
Palau,PW,Melekeok,"Palaučan, Palaučanka",palauský,americký dolár,Oceania,1,7.4833333333333325,134.633333
Panama,PA,Panama,"Panamčan, Panamčanka",panamský,balboa/americký dolár,North America,3,8.966666666666667,-79.533333
Papua-Nová Guinea,PG,Port Moresby,"Papuánec, Papuánka",papuánsky,kina,Oceania,1,-9.45,147.183333
Paraguaj,PY,Asunción,"Paraguajčan, Paraguajčanka; Paraguajec, Paraguajka",paraguajský,guaraní,South America,4,-25.266666666666666,-57.666667000000004
Peru,PE,Lima,"Peruánec, Peruánka",peruánsky,sol,South America,4,-12.05,-77.05
Pitcairnove ostrovy,PN,Adamstown,"obyvateľ, obyvateľka Pitcairnových ostrovov",z Pitcairnových ostrovov,novozélandský dolár,Oceania,1,-25.066666666666666,-130.083333
Pobrežie Slonoviny,CI,Yamoussoukro,"obyvateľ, obyvateľka Pobrežia Slonoviny",z Pobrežia Slonoviny,frank CFA,Africa,5,6.816666666666666,-5.266667
Poľsko,PL,Varšava,"Poliak, Poľka",poľský,zlotý,Europe,2,52.25,21.0
Portoriko,PR,San Juan,"Portoričan, Portoričanka",portorický,americký dolár,North America,3,18.466666666666665,-66.116667
Portugalsko,PT,Lisabon,"Portugalec, Portugalka; Portugalčan, Portugalčanka",portugalský,euro,Europe,2,38.71666666666667,-9.133333
Rakúsko,AT,Viedeň,"Rakúšan, Rakúšanka",rakúsky,euro,Europe,2,48.2,16.366667
Rovníková Guinea,GQ,Malabo,"obyvateľ, obyvateľka Rovníkovej Guiney",z Rovníkovej Guiney,frank CFA,Africa,5,3.75,8.783333
Rumunsko,RO,Bukurešť,"Rumun, Rumunka",rumunský,rumunský leu,Europe,2,44.43333333333333,26.1
Rusko,RU,Moskva,"Rus, Ruska",ruský,ruský rubeľ,Europe,2,55.75,37.6
Rwanda,RW,Kigali,"Rwanďan, Rwanďanka",rwandský,rwandský frank,Africa,5,-1.95,30.05
Saint Martin,MF,Marigot,"obyvateľ, obyvateľka Saint Martina",zo Saint Martina,euro,North America,3,18.0731,-63.0822
Saint Pierre a Miquelon,PM,Saint-Pierre,"obyvateľ, obyvateľka ostrovov Saint Pierre a Miquelon",z ostrovov Saint Pierre a Miquelon,euro,North America,3,46.76666666666666,-56.183333
Salvádor,SV,San Salvador,"Salvádorčan, Salvádorčanka",salvádorský,salvádorský colón/americký dolár,North America,3,13.7,-89.2
Samoa,WS,Apia,"Samojčan, Samojčanka",samojský,tala,Oceania,1,-13.816666666666665,-171.76666699999998
San Maríno,SM,San Maríno,"Sanmarínčan, Sanmarínčanka",sanmarínsky,euro,Europe,2,43.93333333333333,12.416667
Saudská Arábia,SA,Rijád,"Saudskoarab, Saudskoarabka",saudskoarabský,saudský rijal,Asia,6,24.65,46.7
Senegal,SN,Dakar,"Senegalčan, Senegalčanka",senegalský,frank CFA,Africa,5,14.733333333333333,-17.633333
Severná Kórea,KP,Pchjongjang,"Severokórejčan, Severokórejčanka",severokórejský,severokórejský won,Asia,6,39.016666666666666,125.75
Severné Macedónsko,MK,Skopje,Macedónčan/občan Severomacedónskej republiky,"zo Severomacedónskej republiky, zo Severného Macedónska",denár,Europe,2,42.0,21.433332999999998
Severné Macedónsko,MK,Skopje,Macedónčan/občan Severomacedónskej republiky,macedónsky,denár,Europe,2,42.0,21.433332999999998
Seychely,SC,Victoria,"Seychelčan, Seychelčanka",seychelský,seychelská rupia,Africa,5,-4.616666666666667,55.45
Sierra Leone,SL,Freetown,"Sierraleončan, Sierraleončanka",sierraleonský,leone,Africa,5,8.483333333333333,-13.233332999999998
Singapur,SG,Singapur,"Singapurčan, Singapurčanka",singapurský,singapurský dolár,Asia,6,1.2833333333333332,103.85
Slovensko,SK,Bratislava,"Slovák, Slovenka",slovenský,euro,Europe,2,48.15,17.116667
Slovinsko,SI,Ľubľana,"Slovinec, Slovinka",slovinský,euro,Europe,2,46.05,14.516667000000002
Somálsko,SO,Mogadišo,"Somálčan, Somálčanka",somálsky,somálsky šiling,Africa,5,2.066666666666667,45.333333
Spojené arabské emiráty,AE,Abú Zabí,"obyvateľ, obyvateľka Spojených arabských emirátov",zo Spojených arabských emirátov,dirham SAE,Asia,6,24.466666666666665,54.36666700000001
Spojené kráľovstvo,UK,Londýn,"Brit, Britka",britský,libra šterlingov,Europe,2,51.5,-0.083333
Spojené štáty,US,Washington,"Američan, Američanka",americký,americký dolár,North America,3,38.883333,-77.0
Srbsko,RS,Belehrad,"Srb, Srbka",srbský,srbský dinár,Europe,2,44.83333333333334,20.5
Srí Lanka,LK,Šrí Džajavardanapura Kotte,"Srílančan, Srílančanka",srílanský,srílanská rupia,Asia,6,6.916666666666668,79.833333
Stredoafrická republika,CF,Bangui,"Stredoafričan, Stredoafričanka",stredoafrický,frank CFA,Africa,5,4.366666666666666,18.583333
Sudán,SD,Chartúm,"Sudánec, Sudánka",sudánsky,sudánska libra,Africa,5,15.6,32.533333
Surinam,SR,Paramaribo,"Surinamčan, Surinamčanka",surinamský,surinamský dolár,South America,4,5.833333333333332,-55.166667000000004
Svalbard a Jan Mayen,SJ,"Longyearbyen , Olonkinbyen","obyvateľ, obyvateľka Svalbardu,  obyvateľ, obyvateľka Jana Mayena","zo Svalbardu, z Jana Mayena",nórska koruna,Europe,2,78.21666666666667,15.633332999999999
"Svätá Helena, Ascension a Tristan da Cunha",SH,Jamestown,"obyvateľ, obyvateľka Svätej Heleny, Ascensionu a Tristanu da Cunha","zo Svätej Heleny, Ascensionu a Tristanu da Cunha",svätohelenská libra/libra šterlingov,Africa,5,-15.933333333333335,-5.716667
Svätá Lucia,LC,Castries,"Svätolucijčan, Svätolucijčanka",svätolucijský,východokaribský dolár,North America,3,14.0,-61.0
Svätá stolica/ Vatikánsky mestský štát,VA,—/Vatikán,"obyvateľ, obyvateľka Svätej stolice/  obyvateľ, obyvateľka Vatikánu",zo Svätej stolice/vatikánsky,euro,Europe,2,41.9,12.45
Svätý Bartolomej,BL,Gustavia,"obyvateľ, obyvateľka Svätého Bartolomeja",zo Svätého Bartolomeja,euro,North America,3,17.883333333333333,-62.85
Svätý Krištof a Nevis,KN,Basseterre,"Svätokrištofčan a Nevisan, Svätokrištofčanka a Nevisanka",svätokrištofský a neviský,východokaribský dolár,North America,3,17.3,-62.716667
Svätý Martin,SX,Philipsburg,"obyvateľ, obyvateľka Svätého Martina",zo Svätého Martina,antilský gulden,North America,3,18.016666666666666,-63.033333
Svätý Tomáš a Princov ostrov,ST,Svätý Tomáš,"Svätotomášan, Svätotomášanka",svätotomášsky,dobra,Africa,5,0.3333333333333333,6.733333
Svätý Vincent a Grenadíny,VC,Kingstown,"obyvateľ, obyvateľka Svätého Vincenta a Grenadín",zo Svätého Vincenta a Grenadín,východokaribský dolár,North America,3,13.133333333333333,-61.216667
Sýria,SY,Damask,"Sýrčan, Sýrčanka",sýrsky,sýrska libra,Asia,6,33.5,36.3
Šalamúnove ostrovy,SB,Honiara,"Šalamúnčan, Šalamúnčanka",šalamúnsky,dolár Šalamúnovych ostrovov,Oceania,1,-9.433333333333334,159.95
Španielsko,ES,Madrid,"Španiel, Španielka",španielsky,euro,Europe,2,40.4,-3.683333
Švajčiarsko,CH,Bern,"Švajčiar, Švajčiarka",švajčiarsky,švajčiarsky frank,Europe,2,46.91666666666666,7.466667
Švédsko,SE,Štokholm,"Švéd, Švédka",švédsky,švédska koruna,Europe,2,59.33333333333334,18.05
Tadžikistan,TJ,Dušanbe,"Tadžik, Tadžička",tadžický,somoni,Asia,6,38.55,68.766667
Taiwan,TW,Tchaj-pej,"Taiwanec, Taiwanka; Taiwančan, Taiwančanka",taiwanský,nový taiwanský dolár,Asia,6,25.03333333333333,121.516667
Taliansko,IT,Rím,"Talian, Talianka",taliansky,euro,Europe,2,41.9,12.483333
Tanzánia,TZ,Dodoma,"Tanzánijčan, Tanzánijčanka; Tanzánčan, Tanzánčanka","tanzánijský, tanzánsky",tanzánijský šiling,Africa,5,-6.8,39.283333
Thajsko,TH,Bangkok,"Thajčan, Thajčanka",thajský,baht,Asia,6,13.75,100.516667
Togo,TG,Lomé,"Togčan, Togčanka",togský,frank CFA,Africa,5,6.116666666666666,1.216667
Tonga,TO,Nuku’alofa,"Tongan, Tonganka",tongský,pa’anga,Oceania,1,-21.133333333333333,-175.2
Trinidad a Tobago,TT,Port of Spain,"Trinidadčan, Trinidadčanka",trinidadský,dolár Trinidadu a Tobaga,North America,3,10.65,-61.516667000000005
Tunisko,TN,Tunis,"Tunisan, Tunisanka",tuniský,tuniský dinár,Africa,5,36.8,10.183333
Turecko,TR,Ankara,"Turek, Turkyňa",turecký,turecká líra,Asia,6,39.93333333333333,32.866667
Turkménsko,TM,Ašchabad,"Turkmén, Turkménka",turkménsky,turkménsky manat,Asia,6,37.95,58.38333299999999
Turks a Caicos,TC,Cockburn Town,"obyvateľ, obyvateľka Ostrovov Turks a Caicos",z Ostrovov Turks a Caicos,americký dolár,North America,3,21.466666666666665,-71.133333
Tuvalu,TV,Funafuti,"Tuvalčan, Tuvalčanka",tuvalský,austrálsky dolár,Oceania,1,-8.516666666666667,179.216667
Uganda,UG,Kampala,"Uganďan, Uganďanka",ugandský,ugandský šiling,Africa,5,0.31666666666666665,32.55
Ukrajina,UA,Kyjev,"Ukrajinec, Ukrajinka",ukrajinský,hryvna,Europe,2,50.43333333333333,30.516666999999998
Uruguaj,UY,Montevideo,"Uruguajec, Uruguajka; Uruguajčan, Uruguajčanka",uruguajský,uruguajské peso,South America,4,-34.85,-56.166667000000004
Uzbekistan,UZ,Taškent,"Uzbek, Uzbečka",uzbecký,sum,Asia,6,41.31666666666667,69.25
Vanuatu,VU,Port Vila,"Vanuatčan, Vanuatčanka",vanuatský,vatu,Oceania,1,-17.733333333333334,168.316667
Venezuela,VE,Caracas,"Venezuelčan, Venezuelčanka",venezuelský,bolívar soberano,South America,4,10.483333333333333,-66.866667
Vianočný ostrov,CX,Flying Fish Cove,"obyvateľ, obyvateľka Vianočného ostrova",z Vianočného ostrova,austrálsky dolár,Asia,6,-10.416666666666666,105.71666699999999
Vietnam,VN,Hanoj,"Vietnamec, Vietnamka",vietnamský,dong,Asia,6,21.03333333333333,105.85
Wallis a Futuna,WF,Mata-Utu,"Wallisan a Futunčan, Wallisanka a Futunčanka",walliský a futunský,frank CFP,Oceania,1,-13.95,-171.933333
Zambia,ZM,Lusaka,"Zambijčan, Zambijčanka",zambijský,zambijská kwacha,Africa,5,-15.416666666666664,28.283333000000002
Západná Sahara,EH,El-Aaiún,"Západosaharčan, Západosaharčanka",západosaharský,marocký dirham,Africa,5,27.153610999999998,-13.203332999999999
Zimbabwe,ZW,Harare,"Zimbabwčan, Zimbabwčanka",zimbabwiansky,zimbabwiansky dolár,Africa,5,-17.816666666666666,31.033333000000002
